file_path,file_name,label
../data/Images\Im001_ACRIMA.jpg,Im001_ACRIMA.jpg,0
../data/Images\Im002_ACRIMA.jpg,Im002_ACRIMA.jpg,0
../data/Images\Im003_ACRIMA.jpg,Im003_ACRIMA.jpg,0
../data/Images\Im004_ACRIMA.jpg,Im004_ACRIMA.jpg,0
../data/Images\Im005_ACRIMA.jpg,Im005_ACRIMA.jpg,0
../data/Images\Im006_ACRIMA.jpg,Im006_ACRIMA.jpg,0
../data/Images\Im007_ACRIMA.jpg,Im007_ACRIMA.jpg,0
../data/Images\Im008_ACRIMA.jpg,Im008_ACRIMA.jpg,0
../data/Images\Im009_ACRIMA.jpg,Im009_ACRIMA.jpg,0
../data/Images\Im010_ACRIMA.jpg,Im010_ACRIMA.jpg,0
../data/Images\Im011_ACRIMA.jpg,Im011_ACRIMA.jpg,0
../data/Images\Im012_ACRIMA.jpg,Im012_ACRIMA.jpg,0
../data/Images\Im013_ACRIMA.jpg,Im013_ACRIMA.jpg,0
../data/Images\Im014_ACRIMA.jpg,Im014_ACRIMA.jpg,0
../data/Images\Im015_ACRIMA.jpg,Im015_ACRIMA.jpg,0
../data/Images\Im016_ACRIMA.jpg,Im016_ACRIMA.jpg,0
../data/Images\Im017_ACRIMA.jpg,Im017_ACRIMA.jpg,0
../data/Images\Im018_ACRIMA.jpg,Im018_ACRIMA.jpg,0
../data/Images\Im019_ACRIMA.jpg,Im019_ACRIMA.jpg,0
../data/Images\Im020_ACRIMA.jpg,Im020_ACRIMA.jpg,0
../data/Images\Im021_ACRIMA.jpg,Im021_ACRIMA.jpg,0
../data/Images\Im022_ACRIMA.jpg,Im022_ACRIMA.jpg,0
../data/Images\Im023_ACRIMA.jpg,Im023_ACRIMA.jpg,0
../data/Images\Im024_ACRIMA.jpg,Im024_ACRIMA.jpg,0
../data/Images\Im025_ACRIMA.jpg,Im025_ACRIMA.jpg,0
../data/Images\Im026_ACRIMA.jpg,Im026_ACRIMA.jpg,0
../data/Images\Im027_ACRIMA.jpg,Im027_ACRIMA.jpg,0
../data/Images\Im028_ACRIMA.jpg,Im028_ACRIMA.jpg,0
../data/Images\Im029_ACRIMA.jpg,Im029_ACRIMA.jpg,0
../data/Images\Im030_ACRIMA.jpg,Im030_ACRIMA.jpg,0
../data/Images\Im031_ACRIMA.jpg,Im031_ACRIMA.jpg,0
../data/Images\Im032_ACRIMA.jpg,Im032_ACRIMA.jpg,0
../data/Images\Im033_ACRIMA.jpg,Im033_ACRIMA.jpg,0
../data/Images\Im034_ACRIMA.jpg,Im034_ACRIMA.jpg,0
../data/Images\Im035_ACRIMA.jpg,Im035_ACRIMA.jpg,0
../data/Images\Im036_ACRIMA.jpg,Im036_ACRIMA.jpg,0
../data/Images\Im037_ACRIMA.jpg,Im037_ACRIMA.jpg,0
../data/Images\Im038_ACRIMA.jpg,Im038_ACRIMA.jpg,0
../data/Images\Im039_ACRIMA.jpg,Im039_ACRIMA.jpg,0
../data/Images\Im040_ACRIMA.jpg,Im040_ACRIMA.jpg,0
../data/Images\Im041_ACRIMA.jpg,Im041_ACRIMA.jpg,0
../data/Images\Im042_ACRIMA.jpg,Im042_ACRIMA.jpg,0
../data/Images\Im043_ACRIMA.jpg,Im043_ACRIMA.jpg,0
../data/Images\Im044_ACRIMA.jpg,Im044_ACRIMA.jpg,0
../data/Images\Im045_ACRIMA.jpg,Im045_ACRIMA.jpg,0
../data/Images\Im046_ACRIMA.jpg,Im046_ACRIMA.jpg,0
../data/Images\Im047_ACRIMA.jpg,Im047_ACRIMA.jpg,0
../data/Images\Im048_ACRIMA.jpg,Im048_ACRIMA.jpg,0
../data/Images\Im049_ACRIMA.jpg,Im049_ACRIMA.jpg,0
../data/Images\Im050_ACRIMA.jpg,Im050_ACRIMA.jpg,0
../data/Images\Im051_ACRIMA.jpg,Im051_ACRIMA.jpg,0
../data/Images\Im052_ACRIMA.jpg,Im052_ACRIMA.jpg,0
../data/Images\Im053_ACRIMA.jpg,Im053_ACRIMA.jpg,0
../data/Images\Im054_ACRIMA.jpg,Im054_ACRIMA.jpg,0
../data/Images\Im055_ACRIMA.jpg,Im055_ACRIMA.jpg,0
../data/Images\Im056_ACRIMA.jpg,Im056_ACRIMA.jpg,0
../data/Images\Im057_ACRIMA.jpg,Im057_ACRIMA.jpg,0
../data/Images\Im058_ACRIMA.jpg,Im058_ACRIMA.jpg,0
../data/Images\Im059_ACRIMA.jpg,Im059_ACRIMA.jpg,0
../data/Images\Im060_ACRIMA.jpg,Im060_ACRIMA.jpg,0
../data/Images\Im061_ACRIMA.jpg,Im061_ACRIMA.jpg,0
../data/Images\Im062_ACRIMA.jpg,Im062_ACRIMA.jpg,0
../data/Images\Im063_ACRIMA.jpg,Im063_ACRIMA.jpg,0
../data/Images\Im064_ACRIMA.jpg,Im064_ACRIMA.jpg,0
../data/Images\Im065_ACRIMA.jpg,Im065_ACRIMA.jpg,0
../data/Images\Im066_ACRIMA.jpg,Im066_ACRIMA.jpg,0
../data/Images\Im067_ACRIMA.jpg,Im067_ACRIMA.jpg,0
../data/Images\Im068_ACRIMA.jpg,Im068_ACRIMA.jpg,0
../data/Images\Im069_ACRIMA.jpg,Im069_ACRIMA.jpg,0
../data/Images\Im070_ACRIMA.jpg,Im070_ACRIMA.jpg,0
../data/Images\Im071_ACRIMA.jpg,Im071_ACRIMA.jpg,0
../data/Images\Im072_ACRIMA.jpg,Im072_ACRIMA.jpg,0
../data/Images\Im073_ACRIMA.jpg,Im073_ACRIMA.jpg,0
../data/Images\Im074_ACRIMA.jpg,Im074_ACRIMA.jpg,0
../data/Images\Im075_ACRIMA.jpg,Im075_ACRIMA.jpg,0
../data/Images\Im076_ACRIMA.jpg,Im076_ACRIMA.jpg,0
../data/Images\Im077_ACRIMA.jpg,Im077_ACRIMA.jpg,0
../data/Images\Im078_ACRIMA.jpg,Im078_ACRIMA.jpg,0
../data/Images\Im079_ACRIMA.jpg,Im079_ACRIMA.jpg,0
../data/Images\Im080_ACRIMA.jpg,Im080_ACRIMA.jpg,0
../data/Images\Im081_ACRIMA.jpg,Im081_ACRIMA.jpg,0
../data/Images\Im082_ACRIMA.jpg,Im082_ACRIMA.jpg,0
../data/Images\Im083_ACRIMA.jpg,Im083_ACRIMA.jpg,0
../data/Images\Im084_ACRIMA.jpg,Im084_ACRIMA.jpg,0
../data/Images\Im085_ACRIMA.jpg,Im085_ACRIMA.jpg,0
../data/Images\Im086_ACRIMA.jpg,Im086_ACRIMA.jpg,0
../data/Images\Im087_ACRIMA.jpg,Im087_ACRIMA.jpg,0
../data/Images\Im088_ACRIMA.jpg,Im088_ACRIMA.jpg,0
../data/Images\Im089_ACRIMA.jpg,Im089_ACRIMA.jpg,0
../data/Images\Im090_ACRIMA.jpg,Im090_ACRIMA.jpg,0
../data/Images\Im091_ACRIMA.jpg,Im091_ACRIMA.jpg,0
../data/Images\Im092_ACRIMA.jpg,Im092_ACRIMA.jpg,0
../data/Images\Im093_ACRIMA.jpg,Im093_ACRIMA.jpg,0
../data/Images\Im094_ACRIMA.jpg,Im094_ACRIMA.jpg,0
../data/Images\Im095_ACRIMA.jpg,Im095_ACRIMA.jpg,0
../data/Images\Im096_ACRIMA.jpg,Im096_ACRIMA.jpg,0
../data/Images\Im097_ACRIMA.jpg,Im097_ACRIMA.jpg,0
../data/Images\Im098_ACRIMA.jpg,Im098_ACRIMA.jpg,0
../data/Images\Im099_ACRIMA.jpg,Im099_ACRIMA.jpg,0
../data/Images\Im100_ACRIMA.jpg,Im100_ACRIMA.jpg,0
../data/Images\Im101_ACRIMA.jpg,Im101_ACRIMA.jpg,0
../data/Images\Im102_ACRIMA.jpg,Im102_ACRIMA.jpg,0
../data/Images\Im103_ACRIMA.jpg,Im103_ACRIMA.jpg,0
../data/Images\Im104_ACRIMA.jpg,Im104_ACRIMA.jpg,0
../data/Images\Im105_ACRIMA.jpg,Im105_ACRIMA.jpg,0
../data/Images\Im106_ACRIMA.jpg,Im106_ACRIMA.jpg,0
../data/Images\Im107_ACRIMA.jpg,Im107_ACRIMA.jpg,0
../data/Images\Im108_ACRIMA.jpg,Im108_ACRIMA.jpg,0
../data/Images\Im109_ACRIMA.jpg,Im109_ACRIMA.jpg,0
../data/Images\Im110_ACRIMA.jpg,Im110_ACRIMA.jpg,0
../data/Images\Im111_ACRIMA.jpg,Im111_ACRIMA.jpg,0
../data/Images\Im112_ACRIMA.jpg,Im112_ACRIMA.jpg,0
../data/Images\Im113_ACRIMA.jpg,Im113_ACRIMA.jpg,0
../data/Images\Im114_ACRIMA.jpg,Im114_ACRIMA.jpg,0
../data/Images\Im115_ACRIMA.jpg,Im115_ACRIMA.jpg,0
../data/Images\Im116_ACRIMA.jpg,Im116_ACRIMA.jpg,0
../data/Images\Im117_ACRIMA.jpg,Im117_ACRIMA.jpg,0
../data/Images\Im118_ACRIMA.jpg,Im118_ACRIMA.jpg,0
../data/Images\Im119_ACRIMA.jpg,Im119_ACRIMA.jpg,0
../data/Images\Im120_ACRIMA.jpg,Im120_ACRIMA.jpg,0
../data/Images\Im121_ACRIMA.jpg,Im121_ACRIMA.jpg,0
../data/Images\Im122_ACRIMA.jpg,Im122_ACRIMA.jpg,0
../data/Images\Im123_ACRIMA.jpg,Im123_ACRIMA.jpg,0
../data/Images\Im124_ACRIMA.jpg,Im124_ACRIMA.jpg,0
../data/Images\Im125_ACRIMA.jpg,Im125_ACRIMA.jpg,0
../data/Images\Im126_ACRIMA.jpg,Im126_ACRIMA.jpg,0
../data/Images\Im127_ACRIMA.jpg,Im127_ACRIMA.jpg,0
../data/Images\Im128_ACRIMA.jpg,Im128_ACRIMA.jpg,0
../data/Images\Im129_ACRIMA.jpg,Im129_ACRIMA.jpg,0
../data/Images\Im130_ACRIMA.jpg,Im130_ACRIMA.jpg,0
../data/Images\Im131_ACRIMA.jpg,Im131_ACRIMA.jpg,0
../data/Images\Im132_ACRIMA.jpg,Im132_ACRIMA.jpg,0
../data/Images\Im133_ACRIMA.jpg,Im133_ACRIMA.jpg,0
../data/Images\Im134_ACRIMA.jpg,Im134_ACRIMA.jpg,0
../data/Images\Im135_ACRIMA.jpg,Im135_ACRIMA.jpg,0
../data/Images\Im136_ACRIMA.jpg,Im136_ACRIMA.jpg,0
../data/Images\Im137_ACRIMA.jpg,Im137_ACRIMA.jpg,0
../data/Images\Im138_ACRIMA.jpg,Im138_ACRIMA.jpg,0
../data/Images\Im139_ACRIMA.jpg,Im139_ACRIMA.jpg,0
../data/Images\Im140_ACRIMA.jpg,Im140_ACRIMA.jpg,0
../data/Images\Im141_ACRIMA.jpg,Im141_ACRIMA.jpg,0
../data/Images\Im142_ACRIMA.jpg,Im142_ACRIMA.jpg,0
../data/Images\Im143_ACRIMA.jpg,Im143_ACRIMA.jpg,0
../data/Images\Im144_ACRIMA.jpg,Im144_ACRIMA.jpg,0
../data/Images\Im145_ACRIMA.jpg,Im145_ACRIMA.jpg,0
../data/Images\Im146_ACRIMA.jpg,Im146_ACRIMA.jpg,0
../data/Images\Im147_ACRIMA.jpg,Im147_ACRIMA.jpg,0
../data/Images\Im148_ACRIMA.jpg,Im148_ACRIMA.jpg,0
../data/Images\Im149_ACRIMA.jpg,Im149_ACRIMA.jpg,0
../data/Images\Im150_ACRIMA.jpg,Im150_ACRIMA.jpg,0
../data/Images\Im151_ACRIMA.jpg,Im151_ACRIMA.jpg,0
../data/Images\Im152_ACRIMA.jpg,Im152_ACRIMA.jpg,0
../data/Images\Im153_ACRIMA.jpg,Im153_ACRIMA.jpg,0
../data/Images\Im154_ACRIMA.jpg,Im154_ACRIMA.jpg,0
../data/Images\Im155_ACRIMA.jpg,Im155_ACRIMA.jpg,0
../data/Images\Im156_ACRIMA.jpg,Im156_ACRIMA.jpg,0
../data/Images\Im157_ACRIMA.jpg,Im157_ACRIMA.jpg,0
../data/Images\Im158_ACRIMA.jpg,Im158_ACRIMA.jpg,0
../data/Images\Im159_ACRIMA.jpg,Im159_ACRIMA.jpg,0
../data/Images\Im160_ACRIMA.jpg,Im160_ACRIMA.jpg,0
../data/Images\Im161_ACRIMA.jpg,Im161_ACRIMA.jpg,0
../data/Images\Im162_ACRIMA.jpg,Im162_ACRIMA.jpg,0
../data/Images\Im163_ACRIMA.jpg,Im163_ACRIMA.jpg,0
../data/Images\Im164_ACRIMA.jpg,Im164_ACRIMA.jpg,0
../data/Images\Im165_ACRIMA.jpg,Im165_ACRIMA.jpg,0
../data/Images\Im166_ACRIMA.jpg,Im166_ACRIMA.jpg,0
../data/Images\Im167_ACRIMA.jpg,Im167_ACRIMA.jpg,0
../data/Images\Im168_ACRIMA.jpg,Im168_ACRIMA.jpg,0
../data/Images\Im169_ACRIMA.jpg,Im169_ACRIMA.jpg,0
../data/Images\Im170_ACRIMA.jpg,Im170_ACRIMA.jpg,0
../data/Images\Im171_ACRIMA.jpg,Im171_ACRIMA.jpg,0
../data/Images\Im172_ACRIMA.jpg,Im172_ACRIMA.jpg,0
../data/Images\Im173_ACRIMA.jpg,Im173_ACRIMA.jpg,0
../data/Images\Im174_ACRIMA.jpg,Im174_ACRIMA.jpg,0
../data/Images\Im175_ACRIMA.jpg,Im175_ACRIMA.jpg,0
../data/Images\Im176_ACRIMA.jpg,Im176_ACRIMA.jpg,0
../data/Images\Im177_ACRIMA.jpg,Im177_ACRIMA.jpg,0
../data/Images\Im178_ACRIMA.jpg,Im178_ACRIMA.jpg,0
../data/Images\Im179_ACRIMA.jpg,Im179_ACRIMA.jpg,0
../data/Images\Im180_ACRIMA.jpg,Im180_ACRIMA.jpg,0
../data/Images\Im181_ACRIMA.jpg,Im181_ACRIMA.jpg,0
../data/Images\Im182_ACRIMA.jpg,Im182_ACRIMA.jpg,0
../data/Images\Im183_ACRIMA.jpg,Im183_ACRIMA.jpg,0
../data/Images\Im184_ACRIMA.jpg,Im184_ACRIMA.jpg,0
../data/Images\Im185_ACRIMA.jpg,Im185_ACRIMA.jpg,0
../data/Images\Im186_ACRIMA.jpg,Im186_ACRIMA.jpg,0
../data/Images\Im187_ACRIMA.jpg,Im187_ACRIMA.jpg,0
../data/Images\Im188_ACRIMA.jpg,Im188_ACRIMA.jpg,0
../data/Images\Im189_ACRIMA.jpg,Im189_ACRIMA.jpg,0
../data/Images\Im190_ACRIMA.jpg,Im190_ACRIMA.jpg,0
../data/Images\Im191_ACRIMA.jpg,Im191_ACRIMA.jpg,0
../data/Images\Im192_ACRIMA.jpg,Im192_ACRIMA.jpg,0
../data/Images\Im193_ACRIMA.jpg,Im193_ACRIMA.jpg,0
../data/Images\Im194_ACRIMA.jpg,Im194_ACRIMA.jpg,0
../data/Images\Im195_ACRIMA.jpg,Im195_ACRIMA.jpg,0
../data/Images\Im196_ACRIMA.jpg,Im196_ACRIMA.jpg,0
../data/Images\Im197_ACRIMA.jpg,Im197_ACRIMA.jpg,0
../data/Images\Im198_ACRIMA.jpg,Im198_ACRIMA.jpg,0
../data/Images\Im199_ACRIMA.jpg,Im199_ACRIMA.jpg,0
../data/Images\Im200_ACRIMA.jpg,Im200_ACRIMA.jpg,0
../data/Images\Im201_ACRIMA.jpg,Im201_ACRIMA.jpg,0
../data/Images\Im202_ACRIMA.jpg,Im202_ACRIMA.jpg,0
../data/Images\Im203_ACRIMA.jpg,Im203_ACRIMA.jpg,0
../data/Images\Im204_ACRIMA.jpg,Im204_ACRIMA.jpg,0
../data/Images\Im205_ACRIMA.jpg,Im205_ACRIMA.jpg,0
../data/Images\Im206_ACRIMA.jpg,Im206_ACRIMA.jpg,0
../data/Images\Im207_ACRIMA.jpg,Im207_ACRIMA.jpg,0
../data/Images\Im208_ACRIMA.jpg,Im208_ACRIMA.jpg,0
../data/Images\Im209_ACRIMA.jpg,Im209_ACRIMA.jpg,0
../data/Images\Im210_ACRIMA.jpg,Im210_ACRIMA.jpg,0
../data/Images\Im211_ACRIMA.jpg,Im211_ACRIMA.jpg,0
../data/Images\Im212_ACRIMA.jpg,Im212_ACRIMA.jpg,0
../data/Images\Im213_ACRIMA.jpg,Im213_ACRIMA.jpg,0
../data/Images\Im214_ACRIMA.jpg,Im214_ACRIMA.jpg,0
../data/Images\Im215_ACRIMA.jpg,Im215_ACRIMA.jpg,0
../data/Images\Im216_ACRIMA.jpg,Im216_ACRIMA.jpg,0
../data/Images\Im217_ACRIMA.jpg,Im217_ACRIMA.jpg,0
../data/Images\Im218_ACRIMA.jpg,Im218_ACRIMA.jpg,0
../data/Images\Im219_ACRIMA.jpg,Im219_ACRIMA.jpg,0
../data/Images\Im220_ACRIMA.jpg,Im220_ACRIMA.jpg,0
../data/Images\Im221_ACRIMA.jpg,Im221_ACRIMA.jpg,0
../data/Images\Im222_ACRIMA.jpg,Im222_ACRIMA.jpg,0
../data/Images\Im223_ACRIMA.jpg,Im223_ACRIMA.jpg,0
../data/Images\Im224_ACRIMA.jpg,Im224_ACRIMA.jpg,0
../data/Images\Im225_ACRIMA.jpg,Im225_ACRIMA.jpg,0
../data/Images\Im226_ACRIMA.jpg,Im226_ACRIMA.jpg,0
../data/Images\Im227_ACRIMA.jpg,Im227_ACRIMA.jpg,0
../data/Images\Im228_ACRIMA.jpg,Im228_ACRIMA.jpg,0
../data/Images\Im229_ACRIMA.jpg,Im229_ACRIMA.jpg,0
../data/Images\Im230_ACRIMA.jpg,Im230_ACRIMA.jpg,0
../data/Images\Im231_ACRIMA.jpg,Im231_ACRIMA.jpg,0
../data/Images\Im232_ACRIMA.jpg,Im232_ACRIMA.jpg,0
../data/Images\Im233_ACRIMA.jpg,Im233_ACRIMA.jpg,0
../data/Images\Im234_ACRIMA.jpg,Im234_ACRIMA.jpg,0
../data/Images\Im235_ACRIMA.jpg,Im235_ACRIMA.jpg,0
../data/Images\Im236_ACRIMA.jpg,Im236_ACRIMA.jpg,0
../data/Images\Im237_ACRIMA.jpg,Im237_ACRIMA.jpg,0
../data/Images\Im238_ACRIMA.jpg,Im238_ACRIMA.jpg,0
../data/Images\Im239_ACRIMA.jpg,Im239_ACRIMA.jpg,0
../data/Images\Im240_ACRIMA.jpg,Im240_ACRIMA.jpg,0
../data/Images\Im241_ACRIMA.jpg,Im241_ACRIMA.jpg,0
../data/Images\Im242_ACRIMA.jpg,Im242_ACRIMA.jpg,0
../data/Images\Im243_ACRIMA.jpg,Im243_ACRIMA.jpg,0
../data/Images\Im244_ACRIMA.jpg,Im244_ACRIMA.jpg,0
../data/Images\Im245_ACRIMA.jpg,Im245_ACRIMA.jpg,0
../data/Images\Im246_ACRIMA.jpg,Im246_ACRIMA.jpg,0
../data/Images\Im247_ACRIMA.jpg,Im247_ACRIMA.jpg,0
../data/Images\Im248_ACRIMA.jpg,Im248_ACRIMA.jpg,0
../data/Images\Im249_ACRIMA.jpg,Im249_ACRIMA.jpg,0
../data/Images\Im250_ACRIMA.jpg,Im250_ACRIMA.jpg,0
../data/Images\Im251_ACRIMA.jpg,Im251_ACRIMA.jpg,0
../data/Images\Im252_ACRIMA.jpg,Im252_ACRIMA.jpg,0
../data/Images\Im253_ACRIMA.jpg,Im253_ACRIMA.jpg,0
../data/Images\Im254_ACRIMA.jpg,Im254_ACRIMA.jpg,0
../data/Images\Im255_ACRIMA.jpg,Im255_ACRIMA.jpg,0
../data/Images\Im256_ACRIMA.jpg,Im256_ACRIMA.jpg,0
../data/Images\Im257_ACRIMA.jpg,Im257_ACRIMA.jpg,0
../data/Images\Im258_ACRIMA.jpg,Im258_ACRIMA.jpg,0
../data/Images\Im259_ACRIMA.jpg,Im259_ACRIMA.jpg,0
../data/Images\Im260_ACRIMA.jpg,Im260_ACRIMA.jpg,0
../data/Images\Im261_ACRIMA.jpg,Im261_ACRIMA.jpg,0
../data/Images\Im262_ACRIMA.jpg,Im262_ACRIMA.jpg,0
../data/Images\Im263_ACRIMA.jpg,Im263_ACRIMA.jpg,0
../data/Images\Im264_ACRIMA.jpg,Im264_ACRIMA.jpg,0
../data/Images\Im265_ACRIMA.jpg,Im265_ACRIMA.jpg,0
../data/Images\Im266_ACRIMA.jpg,Im266_ACRIMA.jpg,0
../data/Images\Im267_ACRIMA.jpg,Im267_ACRIMA.jpg,0
../data/Images\Im268_ACRIMA.jpg,Im268_ACRIMA.jpg,0
../data/Images\Im269_ACRIMA.jpg,Im269_ACRIMA.jpg,0
../data/Images\Im270_ACRIMA.jpg,Im270_ACRIMA.jpg,0
../data/Images\Im271_ACRIMA.jpg,Im271_ACRIMA.jpg,0
../data/Images\Im272_ACRIMA.jpg,Im272_ACRIMA.jpg,0
../data/Images\Im273_ACRIMA.jpg,Im273_ACRIMA.jpg,0
../data/Images\Im274_ACRIMA.jpg,Im274_ACRIMA.jpg,0
../data/Images\Im275_ACRIMA.jpg,Im275_ACRIMA.jpg,0
../data/Images\Im276_ACRIMA.jpg,Im276_ACRIMA.jpg,0
../data/Images\Im277_ACRIMA.jpg,Im277_ACRIMA.jpg,0
../data/Images\Im278_ACRIMA.jpg,Im278_ACRIMA.jpg,0
../data/Images\Im279_ACRIMA.jpg,Im279_ACRIMA.jpg,0
../data/Images\Im280_ACRIMA.jpg,Im280_ACRIMA.jpg,0
../data/Images\Im281_ACRIMA.jpg,Im281_ACRIMA.jpg,0
../data/Images\Im282_ACRIMA.jpg,Im282_ACRIMA.jpg,0
../data/Images\Im283_ACRIMA.jpg,Im283_ACRIMA.jpg,0
../data/Images\Im284_ACRIMA.jpg,Im284_ACRIMA.jpg,0
../data/Images\Im285_ACRIMA.jpg,Im285_ACRIMA.jpg,0
../data/Images\Im286_ACRIMA.jpg,Im286_ACRIMA.jpg,0
../data/Images\Im287_ACRIMA.jpg,Im287_ACRIMA.jpg,0
../data/Images\Im288_ACRIMA.jpg,Im288_ACRIMA.jpg,0
../data/Images\Im289_ACRIMA.jpg,Im289_ACRIMA.jpg,0
../data/Images\Im290_ACRIMA.jpg,Im290_ACRIMA.jpg,0
../data/Images\Im291_ACRIMA.jpg,Im291_ACRIMA.jpg,0
../data/Images\Im292_ACRIMA.jpg,Im292_ACRIMA.jpg,0
../data/Images\Im293_ACRIMA.jpg,Im293_ACRIMA.jpg,0
../data/Images\Im294_ACRIMA.jpg,Im294_ACRIMA.jpg,0
../data/Images\Im295_ACRIMA.jpg,Im295_ACRIMA.jpg,0
../data/Images\Im296_ACRIMA.jpg,Im296_ACRIMA.jpg,0
../data/Images\Im297_ACRIMA.jpg,Im297_ACRIMA.jpg,0
../data/Images\Im298_ACRIMA.jpg,Im298_ACRIMA.jpg,0
../data/Images\Im299_ACRIMA.jpg,Im299_ACRIMA.jpg,0
../data/Images\Im300_ACRIMA.jpg,Im300_ACRIMA.jpg,0
../data/Images\Im301_ACRIMA.jpg,Im301_ACRIMA.jpg,0
../data/Images\Im302_ACRIMA.jpg,Im302_ACRIMA.jpg,0
../data/Images\Im303_ACRIMA.jpg,Im303_ACRIMA.jpg,0
../data/Images\Im304_ACRIMA.jpg,Im304_ACRIMA.jpg,0
../data/Images\Im305_ACRIMA.jpg,Im305_ACRIMA.jpg,0
../data/Images\Im306_ACRIMA.jpg,Im306_ACRIMA.jpg,0
../data/Images\Im307_ACRIMA.jpg,Im307_ACRIMA.jpg,0
../data/Images\Im308_ACRIMA.jpg,Im308_ACRIMA.jpg,0
../data/Images\Im309_ACRIMA.jpg,Im309_ACRIMA.jpg,0
../data/Images\Im310_g_ACRIMA.jpg,Im310_g_ACRIMA.jpg,1
../data/Images\Im311_g_ACRIMA.jpg,Im311_g_ACRIMA.jpg,1
../data/Images\Im312_g_ACRIMA.jpg,Im312_g_ACRIMA.jpg,1
../data/Images\Im313_g_ACRIMA.jpg,Im313_g_ACRIMA.jpg,1
../data/Images\Im314_g_ACRIMA.jpg,Im314_g_ACRIMA.jpg,1
../data/Images\Im315_g_ACRIMA.jpg,Im315_g_ACRIMA.jpg,1
../data/Images\Im316_g_ACRIMA.jpg,Im316_g_ACRIMA.jpg,1
../data/Images\Im317_g_ACRIMA.jpg,Im317_g_ACRIMA.jpg,1
../data/Images\Im318_g_ACRIMA.jpg,Im318_g_ACRIMA.jpg,1
../data/Images\Im319_g_ACRIMA.jpg,Im319_g_ACRIMA.jpg,1
../data/Images\Im320_g_ACRIMA.jpg,Im320_g_ACRIMA.jpg,1
../data/Images\Im321_g_ACRIMA.jpg,Im321_g_ACRIMA.jpg,1
../data/Images\Im322_g_ACRIMA.jpg,Im322_g_ACRIMA.jpg,1
../data/Images\Im323_g_ACRIMA.jpg,Im323_g_ACRIMA.jpg,1
../data/Images\Im324_g_ACRIMA.jpg,Im324_g_ACRIMA.jpg,1
../data/Images\Im325_g_ACRIMA.jpg,Im325_g_ACRIMA.jpg,1
../data/Images\Im326_g_ACRIMA.jpg,Im326_g_ACRIMA.jpg,1
../data/Images\Im327_g_ACRIMA.jpg,Im327_g_ACRIMA.jpg,1
../data/Images\Im328_g_ACRIMA.jpg,Im328_g_ACRIMA.jpg,1
../data/Images\Im329_g_ACRIMA.jpg,Im329_g_ACRIMA.jpg,1
../data/Images\Im330_g_ACRIMA.jpg,Im330_g_ACRIMA.jpg,1
../data/Images\Im331_g_ACRIMA.jpg,Im331_g_ACRIMA.jpg,1
../data/Images\Im332_g_ACRIMA.jpg,Im332_g_ACRIMA.jpg,1
../data/Images\Im333_g_ACRIMA.jpg,Im333_g_ACRIMA.jpg,1
../data/Images\Im334_g_ACRIMA.jpg,Im334_g_ACRIMA.jpg,1
../data/Images\Im335_g_ACRIMA.jpg,Im335_g_ACRIMA.jpg,1
../data/Images\Im336_g_ACRIMA.jpg,Im336_g_ACRIMA.jpg,1
../data/Images\Im337_g_ACRIMA.jpg,Im337_g_ACRIMA.jpg,1
../data/Images\Im338_g_ACRIMA.jpg,Im338_g_ACRIMA.jpg,1
../data/Images\Im339_g_ACRIMA.jpg,Im339_g_ACRIMA.jpg,1
../data/Images\Im340_g_ACRIMA.jpg,Im340_g_ACRIMA.jpg,1
../data/Images\Im341_g_ACRIMA.jpg,Im341_g_ACRIMA.jpg,1
../data/Images\Im342_g_ACRIMA.jpg,Im342_g_ACRIMA.jpg,1
../data/Images\Im343_g_ACRIMA.jpg,Im343_g_ACRIMA.jpg,1
../data/Images\Im344_g_ACRIMA.jpg,Im344_g_ACRIMA.jpg,1
../data/Images\Im345_g_ACRIMA.jpg,Im345_g_ACRIMA.jpg,1
../data/Images\Im346_g_ACRIMA.jpg,Im346_g_ACRIMA.jpg,1
../data/Images\Im347_g_ACRIMA.jpg,Im347_g_ACRIMA.jpg,1
../data/Images\Im348_g_ACRIMA.jpg,Im348_g_ACRIMA.jpg,1
../data/Images\Im349_g_ACRIMA.jpg,Im349_g_ACRIMA.jpg,1
../data/Images\Im350_g_ACRIMA.jpg,Im350_g_ACRIMA.jpg,1
../data/Images\Im351_g_ACRIMA.jpg,Im351_g_ACRIMA.jpg,1
../data/Images\Im352_g_ACRIMA.jpg,Im352_g_ACRIMA.jpg,1
../data/Images\Im353_g_ACRIMA.jpg,Im353_g_ACRIMA.jpg,1
../data/Images\Im354_g_ACRIMA.jpg,Im354_g_ACRIMA.jpg,1
../data/Images\Im355_g_ACRIMA.jpg,Im355_g_ACRIMA.jpg,1
../data/Images\Im356_g_ACRIMA.jpg,Im356_g_ACRIMA.jpg,1
../data/Images\Im357_g_ACRIMA.jpg,Im357_g_ACRIMA.jpg,1
../data/Images\Im358_g_ACRIMA.jpg,Im358_g_ACRIMA.jpg,1
../data/Images\Im359_g_ACRIMA.jpg,Im359_g_ACRIMA.jpg,1
../data/Images\Im360_g_ACRIMA.jpg,Im360_g_ACRIMA.jpg,1
../data/Images\Im361_g_ACRIMA.jpg,Im361_g_ACRIMA.jpg,1
../data/Images\Im362_g_ACRIMA.jpg,Im362_g_ACRIMA.jpg,1
../data/Images\Im363_g_ACRIMA.jpg,Im363_g_ACRIMA.jpg,1
../data/Images\Im364_g_ACRIMA.jpg,Im364_g_ACRIMA.jpg,1
../data/Images\Im365_g_ACRIMA.jpg,Im365_g_ACRIMA.jpg,1
../data/Images\Im366_g_ACRIMA.jpg,Im366_g_ACRIMA.jpg,1
../data/Images\Im367_g_ACRIMA.jpg,Im367_g_ACRIMA.jpg,1
../data/Images\Im368_g_ACRIMA.jpg,Im368_g_ACRIMA.jpg,1
../data/Images\Im369_g_ACRIMA.jpg,Im369_g_ACRIMA.jpg,1
../data/Images\Im370_g_ACRIMA.jpg,Im370_g_ACRIMA.jpg,1
../data/Images\Im371_g_ACRIMA.jpg,Im371_g_ACRIMA.jpg,1
../data/Images\Im372_g_ACRIMA.jpg,Im372_g_ACRIMA.jpg,1
../data/Images\Im373_g_ACRIMA.jpg,Im373_g_ACRIMA.jpg,1
../data/Images\Im374_g_ACRIMA.jpg,Im374_g_ACRIMA.jpg,1
../data/Images\Im375_g_ACRIMA.jpg,Im375_g_ACRIMA.jpg,1
../data/Images\Im376_g_ACRIMA.jpg,Im376_g_ACRIMA.jpg,1
../data/Images\Im377_g_ACRIMA.jpg,Im377_g_ACRIMA.jpg,1
../data/Images\Im378_g_ACRIMA.jpg,Im378_g_ACRIMA.jpg,1
../data/Images\Im379_g_ACRIMA.jpg,Im379_g_ACRIMA.jpg,1
../data/Images\Im380_g_ACRIMA.jpg,Im380_g_ACRIMA.jpg,1
../data/Images\Im381_g_ACRIMA.jpg,Im381_g_ACRIMA.jpg,1
../data/Images\Im382_g_ACRIMA.jpg,Im382_g_ACRIMA.jpg,1
../data/Images\Im383_g_ACRIMA.jpg,Im383_g_ACRIMA.jpg,1
../data/Images\Im384_g_ACRIMA.jpg,Im384_g_ACRIMA.jpg,1
../data/Images\Im385_g_ACRIMA.jpg,Im385_g_ACRIMA.jpg,1
../data/Images\Im386_g_ACRIMA.jpg,Im386_g_ACRIMA.jpg,1
../data/Images\Im387_g_ACRIMA.jpg,Im387_g_ACRIMA.jpg,1
../data/Images\Im388_g_ACRIMA.jpg,Im388_g_ACRIMA.jpg,1
../data/Images\Im389_g_ACRIMA.jpg,Im389_g_ACRIMA.jpg,1
../data/Images\Im390_g_ACRIMA.jpg,Im390_g_ACRIMA.jpg,1
../data/Images\Im391_g_ACRIMA.jpg,Im391_g_ACRIMA.jpg,1
../data/Images\Im392_g_ACRIMA.jpg,Im392_g_ACRIMA.jpg,1
../data/Images\Im393_g_ACRIMA.jpg,Im393_g_ACRIMA.jpg,1
../data/Images\Im394_g_ACRIMA.jpg,Im394_g_ACRIMA.jpg,1
../data/Images\Im395_g_ACRIMA.jpg,Im395_g_ACRIMA.jpg,1
../data/Images\Im396_g_ACRIMA.jpg,Im396_g_ACRIMA.jpg,1
../data/Images\Im397_g_ACRIMA.jpg,Im397_g_ACRIMA.jpg,1
../data/Images\Im398_g_ACRIMA.jpg,Im398_g_ACRIMA.jpg,1
../data/Images\Im399_g_ACRIMA.jpg,Im399_g_ACRIMA.jpg,1
../data/Images\Im400_g_ACRIMA.jpg,Im400_g_ACRIMA.jpg,1
../data/Images\Im401_g_ACRIMA.jpg,Im401_g_ACRIMA.jpg,1
../data/Images\Im402_g_ACRIMA.jpg,Im402_g_ACRIMA.jpg,1
../data/Images\Im403_g_ACRIMA.jpg,Im403_g_ACRIMA.jpg,1
../data/Images\Im404_g_ACRIMA.jpg,Im404_g_ACRIMA.jpg,1
../data/Images\Im405_g_ACRIMA.jpg,Im405_g_ACRIMA.jpg,1
../data/Images\Im406_g_ACRIMA.jpg,Im406_g_ACRIMA.jpg,1
../data/Images\Im407_g_ACRIMA.jpg,Im407_g_ACRIMA.jpg,1
../data/Images\Im408_g_ACRIMA.jpg,Im408_g_ACRIMA.jpg,1
../data/Images\Im409_g_ACRIMA.jpg,Im409_g_ACRIMA.jpg,1
../data/Images\Im410_g_ACRIMA.jpg,Im410_g_ACRIMA.jpg,1
../data/Images\Im411_g_ACRIMA.jpg,Im411_g_ACRIMA.jpg,1
../data/Images\Im412_g_ACRIMA.jpg,Im412_g_ACRIMA.jpg,1
../data/Images\Im413_g_ACRIMA.jpg,Im413_g_ACRIMA.jpg,1
../data/Images\Im414_g_ACRIMA.jpg,Im414_g_ACRIMA.jpg,1
../data/Images\Im415_g_ACRIMA.jpg,Im415_g_ACRIMA.jpg,1
../data/Images\Im416_g_ACRIMA.jpg,Im416_g_ACRIMA.jpg,1
../data/Images\Im417_g_ACRIMA.jpg,Im417_g_ACRIMA.jpg,1
../data/Images\Im418_g_ACRIMA.jpg,Im418_g_ACRIMA.jpg,1
../data/Images\Im419_g_ACRIMA.jpg,Im419_g_ACRIMA.jpg,1
../data/Images\Im420_g_ACRIMA.jpg,Im420_g_ACRIMA.jpg,1
../data/Images\Im421_g_ACRIMA.jpg,Im421_g_ACRIMA.jpg,1
../data/Images\Im422_g_ACRIMA.jpg,Im422_g_ACRIMA.jpg,1
../data/Images\Im423_g_ACRIMA.jpg,Im423_g_ACRIMA.jpg,1
../data/Images\Im424_g_ACRIMA.jpg,Im424_g_ACRIMA.jpg,1
../data/Images\Im425_g_ACRIMA.jpg,Im425_g_ACRIMA.jpg,1
../data/Images\Im426_g_ACRIMA.jpg,Im426_g_ACRIMA.jpg,1
../data/Images\Im427_g_ACRIMA.jpg,Im427_g_ACRIMA.jpg,1
../data/Images\Im428_g_ACRIMA.jpg,Im428_g_ACRIMA.jpg,1
../data/Images\Im429_g_ACRIMA.jpg,Im429_g_ACRIMA.jpg,1
../data/Images\Im430_g_ACRIMA.jpg,Im430_g_ACRIMA.jpg,1
../data/Images\Im431_g_ACRIMA.jpg,Im431_g_ACRIMA.jpg,1
../data/Images\Im432_g_ACRIMA.jpg,Im432_g_ACRIMA.jpg,1
../data/Images\Im433_g_ACRIMA.jpg,Im433_g_ACRIMA.jpg,1
../data/Images\Im434_g_ACRIMA.jpg,Im434_g_ACRIMA.jpg,1
../data/Images\Im435_g_ACRIMA.jpg,Im435_g_ACRIMA.jpg,1
../data/Images\Im436_g_ACRIMA.jpg,Im436_g_ACRIMA.jpg,1
../data/Images\Im437_g_ACRIMA.jpg,Im437_g_ACRIMA.jpg,1
../data/Images\Im438_g_ACRIMA.jpg,Im438_g_ACRIMA.jpg,1
../data/Images\Im439_g_ACRIMA.jpg,Im439_g_ACRIMA.jpg,1
../data/Images\Im440_g_ACRIMA.jpg,Im440_g_ACRIMA.jpg,1
../data/Images\Im441_g_ACRIMA.jpg,Im441_g_ACRIMA.jpg,1
../data/Images\Im442_g_ACRIMA.jpg,Im442_g_ACRIMA.jpg,1
../data/Images\Im443_g_ACRIMA.jpg,Im443_g_ACRIMA.jpg,1
../data/Images\Im444_g_ACRIMA.jpg,Im444_g_ACRIMA.jpg,1
../data/Images\Im445_g_ACRIMA.jpg,Im445_g_ACRIMA.jpg,1
../data/Images\Im446_g_ACRIMA.jpg,Im446_g_ACRIMA.jpg,1
../data/Images\Im447_g_ACRIMA.jpg,Im447_g_ACRIMA.jpg,1
../data/Images\Im448_g_ACRIMA.jpg,Im448_g_ACRIMA.jpg,1
../data/Images\Im449_g_ACRIMA.jpg,Im449_g_ACRIMA.jpg,1
../data/Images\Im450_g_ACRIMA.jpg,Im450_g_ACRIMA.jpg,1
../data/Images\Im451_g_ACRIMA.jpg,Im451_g_ACRIMA.jpg,1
../data/Images\Im452_g_ACRIMA.jpg,Im452_g_ACRIMA.jpg,1
../data/Images\Im453_g_ACRIMA.jpg,Im453_g_ACRIMA.jpg,1
../data/Images\Im454_g_ACRIMA.jpg,Im454_g_ACRIMA.jpg,1
../data/Images\Im455_g_ACRIMA.jpg,Im455_g_ACRIMA.jpg,1
../data/Images\Im456_g_ACRIMA.jpg,Im456_g_ACRIMA.jpg,1
../data/Images\Im457_g_ACRIMA.jpg,Im457_g_ACRIMA.jpg,1
../data/Images\Im458_g_ACRIMA.jpg,Im458_g_ACRIMA.jpg,1
../data/Images\Im459_g_ACRIMA.jpg,Im459_g_ACRIMA.jpg,1
../data/Images\Im460_g_ACRIMA.jpg,Im460_g_ACRIMA.jpg,1
../data/Images\Im461_g_ACRIMA.jpg,Im461_g_ACRIMA.jpg,1
../data/Images\Im462_g_ACRIMA.jpg,Im462_g_ACRIMA.jpg,1
../data/Images\Im463_g_ACRIMA.jpg,Im463_g_ACRIMA.jpg,1
../data/Images\Im464_g_ACRIMA.jpg,Im464_g_ACRIMA.jpg,1
../data/Images\Im465_g_ACRIMA.jpg,Im465_g_ACRIMA.jpg,1
../data/Images\Im466_g_ACRIMA.jpg,Im466_g_ACRIMA.jpg,1
../data/Images\Im467_g_ACRIMA.jpg,Im467_g_ACRIMA.jpg,1
../data/Images\Im468_g_ACRIMA.jpg,Im468_g_ACRIMA.jpg,1
../data/Images\Im469_g_ACRIMA.jpg,Im469_g_ACRIMA.jpg,1
../data/Images\Im470_g_ACRIMA.jpg,Im470_g_ACRIMA.jpg,1
../data/Images\Im471_g_ACRIMA.jpg,Im471_g_ACRIMA.jpg,1
../data/Images\Im472_g_ACRIMA.jpg,Im472_g_ACRIMA.jpg,1
../data/Images\Im473_g_ACRIMA.jpg,Im473_g_ACRIMA.jpg,1
../data/Images\Im474_g_ACRIMA.jpg,Im474_g_ACRIMA.jpg,1
../data/Images\Im475_g_ACRIMA.jpg,Im475_g_ACRIMA.jpg,1
../data/Images\Im476_g_ACRIMA.jpg,Im476_g_ACRIMA.jpg,1
../data/Images\Im477_g_ACRIMA.jpg,Im477_g_ACRIMA.jpg,1
../data/Images\Im478_g_ACRIMA.jpg,Im478_g_ACRIMA.jpg,1
../data/Images\Im479_g_ACRIMA.jpg,Im479_g_ACRIMA.jpg,1
../data/Images\Im480_g_ACRIMA.jpg,Im480_g_ACRIMA.jpg,1
../data/Images\Im481_g_ACRIMA.jpg,Im481_g_ACRIMA.jpg,1
../data/Images\Im482_g_ACRIMA.jpg,Im482_g_ACRIMA.jpg,1
../data/Images\Im483_g_ACRIMA.jpg,Im483_g_ACRIMA.jpg,1
../data/Images\Im484_g_ACRIMA.jpg,Im484_g_ACRIMA.jpg,1
../data/Images\Im485_g_ACRIMA.jpg,Im485_g_ACRIMA.jpg,1
../data/Images\Im486_g_ACRIMA.jpg,Im486_g_ACRIMA.jpg,1
../data/Images\Im487_g_ACRIMA.jpg,Im487_g_ACRIMA.jpg,1
../data/Images\Im488_g_ACRIMA.jpg,Im488_g_ACRIMA.jpg,1
../data/Images\Im489_g_ACRIMA.jpg,Im489_g_ACRIMA.jpg,1
../data/Images\Im490_g_ACRIMA.jpg,Im490_g_ACRIMA.jpg,1
../data/Images\Im491_g_ACRIMA.jpg,Im491_g_ACRIMA.jpg,1
../data/Images\Im492_g_ACRIMA.jpg,Im492_g_ACRIMA.jpg,1
../data/Images\Im493_g_ACRIMA.jpg,Im493_g_ACRIMA.jpg,1
../data/Images\Im494_g_ACRIMA.jpg,Im494_g_ACRIMA.jpg,1
../data/Images\Im495_g_ACRIMA.jpg,Im495_g_ACRIMA.jpg,1
../data/Images\Im496_g_ACRIMA.jpg,Im496_g_ACRIMA.jpg,1
../data/Images\Im497_g_ACRIMA.jpg,Im497_g_ACRIMA.jpg,1
../data/Images\Im498_g_ACRIMA.jpg,Im498_g_ACRIMA.jpg,1
../data/Images\Im499_g_ACRIMA.jpg,Im499_g_ACRIMA.jpg,1
../data/Images\Im500_g_ACRIMA.jpg,Im500_g_ACRIMA.jpg,1
../data/Images\Im501_g_ACRIMA.jpg,Im501_g_ACRIMA.jpg,1
../data/Images\Im502_g_ACRIMA.jpg,Im502_g_ACRIMA.jpg,1
../data/Images\Im503_g_ACRIMA.jpg,Im503_g_ACRIMA.jpg,1
../data/Images\Im504_g_ACRIMA.jpg,Im504_g_ACRIMA.jpg,1
../data/Images\Im505_g_ACRIMA.jpg,Im505_g_ACRIMA.jpg,1
../data/Images\Im506_g_ACRIMA.jpg,Im506_g_ACRIMA.jpg,1
../data/Images\Im507_g_ACRIMA.jpg,Im507_g_ACRIMA.jpg,1
../data/Images\Im508_g_ACRIMA.jpg,Im508_g_ACRIMA.jpg,1
../data/Images\Im509_g_ACRIMA.jpg,Im509_g_ACRIMA.jpg,1
../data/Images\Im510_g_ACRIMA.jpg,Im510_g_ACRIMA.jpg,1
../data/Images\Im511_g_ACRIMA.jpg,Im511_g_ACRIMA.jpg,1
../data/Images\Im512_g_ACRIMA.jpg,Im512_g_ACRIMA.jpg,1
../data/Images\Im513_g_ACRIMA.jpg,Im513_g_ACRIMA.jpg,1
../data/Images\Im514_g_ACRIMA.jpg,Im514_g_ACRIMA.jpg,1
../data/Images\Im515_g_ACRIMA.jpg,Im515_g_ACRIMA.jpg,1
../data/Images\Im516_g_ACRIMA.jpg,Im516_g_ACRIMA.jpg,1
../data/Images\Im517_g_ACRIMA.jpg,Im517_g_ACRIMA.jpg,1
../data/Images\Im518_g_ACRIMA.jpg,Im518_g_ACRIMA.jpg,1
../data/Images\Im519_g_ACRIMA.jpg,Im519_g_ACRIMA.jpg,1
../data/Images\Im520_g_ACRIMA.jpg,Im520_g_ACRIMA.jpg,1
../data/Images\Im521_g_ACRIMA.jpg,Im521_g_ACRIMA.jpg,1
../data/Images\Im522_g_ACRIMA.jpg,Im522_g_ACRIMA.jpg,1
../data/Images\Im523_g_ACRIMA.jpg,Im523_g_ACRIMA.jpg,1
../data/Images\Im524_g_ACRIMA.jpg,Im524_g_ACRIMA.jpg,1
../data/Images\Im525_g_ACRIMA.jpg,Im525_g_ACRIMA.jpg,1
../data/Images\Im526_g_ACRIMA.jpg,Im526_g_ACRIMA.jpg,1
../data/Images\Im527_g_ACRIMA.jpg,Im527_g_ACRIMA.jpg,1
../data/Images\Im528_g_ACRIMA.jpg,Im528_g_ACRIMA.jpg,1
../data/Images\Im529_g_ACRIMA.jpg,Im529_g_ACRIMA.jpg,1
../data/Images\Im530_g_ACRIMA.jpg,Im530_g_ACRIMA.jpg,1
../data/Images\Im531_g_ACRIMA.jpg,Im531_g_ACRIMA.jpg,1
../data/Images\Im532_g_ACRIMA.jpg,Im532_g_ACRIMA.jpg,1
../data/Images\Im533_g_ACRIMA.jpg,Im533_g_ACRIMA.jpg,1
../data/Images\Im534_g_ACRIMA.jpg,Im534_g_ACRIMA.jpg,1
../data/Images\Im535_g_ACRIMA.jpg,Im535_g_ACRIMA.jpg,1
../data/Images\Im536_g_ACRIMA.jpg,Im536_g_ACRIMA.jpg,1
../data/Images\Im537_g_ACRIMA.jpg,Im537_g_ACRIMA.jpg,1
../data/Images\Im538_g_ACRIMA.jpg,Im538_g_ACRIMA.jpg,1
../data/Images\Im539_g_ACRIMA.jpg,Im539_g_ACRIMA.jpg,1
../data/Images\Im540_g_ACRIMA.jpg,Im540_g_ACRIMA.jpg,1
../data/Images\Im541_g_ACRIMA.jpg,Im541_g_ACRIMA.jpg,1
../data/Images\Im542_g_ACRIMA.jpg,Im542_g_ACRIMA.jpg,1
../data/Images\Im543_g_ACRIMA.jpg,Im543_g_ACRIMA.jpg,1
../data/Images\Im544_g_ACRIMA.jpg,Im544_g_ACRIMA.jpg,1
../data/Images\Im545_g_ACRIMA.jpg,Im545_g_ACRIMA.jpg,1
../data/Images\Im546_g_ACRIMA.jpg,Im546_g_ACRIMA.jpg,1
../data/Images\Im547_g_ACRIMA.jpg,Im547_g_ACRIMA.jpg,1
../data/Images\Im548_g_ACRIMA.jpg,Im548_g_ACRIMA.jpg,1
../data/Images\Im549_g_ACRIMA.jpg,Im549_g_ACRIMA.jpg,1
../data/Images\Im550_g_ACRIMA.jpg,Im550_g_ACRIMA.jpg,1
../data/Images\Im551_g_ACRIMA.jpg,Im551_g_ACRIMA.jpg,1
../data/Images\Im552_g_ACRIMA.jpg,Im552_g_ACRIMA.jpg,1
../data/Images\Im553_g_ACRIMA.jpg,Im553_g_ACRIMA.jpg,1
../data/Images\Im554_g_ACRIMA.jpg,Im554_g_ACRIMA.jpg,1
../data/Images\Im555_g_ACRIMA.jpg,Im555_g_ACRIMA.jpg,1
../data/Images\Im556_g_ACRIMA.jpg,Im556_g_ACRIMA.jpg,1
../data/Images\Im557_g_ACRIMA.jpg,Im557_g_ACRIMA.jpg,1
../data/Images\Im558_g_ACRIMA.jpg,Im558_g_ACRIMA.jpg,1
../data/Images\Im559_g_ACRIMA.jpg,Im559_g_ACRIMA.jpg,1
../data/Images\Im560_g_ACRIMA.jpg,Im560_g_ACRIMA.jpg,1
../data/Images\Im561_g_ACRIMA.jpg,Im561_g_ACRIMA.jpg,1
../data/Images\Im562_g_ACRIMA.jpg,Im562_g_ACRIMA.jpg,1
../data/Images\Im563_g_ACRIMA.jpg,Im563_g_ACRIMA.jpg,1
../data/Images\Im564_g_ACRIMA.jpg,Im564_g_ACRIMA.jpg,1
../data/Images\Im565_g_ACRIMA.jpg,Im565_g_ACRIMA.jpg,1
../data/Images\Im566_g_ACRIMA.jpg,Im566_g_ACRIMA.jpg,1
../data/Images\Im567_g_ACRIMA.jpg,Im567_g_ACRIMA.jpg,1
../data/Images\Im568_g_ACRIMA.jpg,Im568_g_ACRIMA.jpg,1
../data/Images\Im569_g_ACRIMA.jpg,Im569_g_ACRIMA.jpg,1
../data/Images\Im570_g_ACRIMA.jpg,Im570_g_ACRIMA.jpg,1
../data/Images\Im571_g_ACRIMA.jpg,Im571_g_ACRIMA.jpg,1
../data/Images\Im572_g_ACRIMA.jpg,Im572_g_ACRIMA.jpg,1
../data/Images\Im573_g_ACRIMA.jpg,Im573_g_ACRIMA.jpg,1
../data/Images\Im574_g_ACRIMA.jpg,Im574_g_ACRIMA.jpg,1
../data/Images\Im575_g_ACRIMA.jpg,Im575_g_ACRIMA.jpg,1
../data/Images\Im576_g_ACRIMA.jpg,Im576_g_ACRIMA.jpg,1
../data/Images\Im577_g_ACRIMA.jpg,Im577_g_ACRIMA.jpg,1
../data/Images\Im578_g_ACRIMA.jpg,Im578_g_ACRIMA.jpg,1
../data/Images\Im579_g_ACRIMA.jpg,Im579_g_ACRIMA.jpg,1
../data/Images\Im580_g_ACRIMA.jpg,Im580_g_ACRIMA.jpg,1
../data/Images\Im581_g_ACRIMA.jpg,Im581_g_ACRIMA.jpg,1
../data/Images\Im582_g_ACRIMA.jpg,Im582_g_ACRIMA.jpg,1
../data/Images\Im583_g_ACRIMA.jpg,Im583_g_ACRIMA.jpg,1
../data/Images\Im584_g_ACRIMA.jpg,Im584_g_ACRIMA.jpg,1
../data/Images\Im585_g_ACRIMA.jpg,Im585_g_ACRIMA.jpg,1
../data/Images\Im586_g_ACRIMA.jpg,Im586_g_ACRIMA.jpg,1
../data/Images\Im587_g_ACRIMA.jpg,Im587_g_ACRIMA.jpg,1
../data/Images\Im588_g_ACRIMA.jpg,Im588_g_ACRIMA.jpg,1
../data/Images\Im589_g_ACRIMA.jpg,Im589_g_ACRIMA.jpg,1
../data/Images\Im590_g_ACRIMA.jpg,Im590_g_ACRIMA.jpg,1
../data/Images\Im591_g_ACRIMA.jpg,Im591_g_ACRIMA.jpg,1
../data/Images\Im592_g_ACRIMA.jpg,Im592_g_ACRIMA.jpg,1
../data/Images\Im593_g_ACRIMA.jpg,Im593_g_ACRIMA.jpg,1
../data/Images\Im594_g_ACRIMA.jpg,Im594_g_ACRIMA.jpg,1
../data/Images\Im595_g_ACRIMA.jpg,Im595_g_ACRIMA.jpg,1
../data/Images\Im596_g_ACRIMA.jpg,Im596_g_ACRIMA.jpg,1
../data/Images\Im597_g_ACRIMA.jpg,Im597_g_ACRIMA.jpg,1
../data/Images\Im598_g_ACRIMA.jpg,Im598_g_ACRIMA.jpg,1
../data/Images\Im599_g_ACRIMA.jpg,Im599_g_ACRIMA.jpg,1
../data/Images\Im600_g_ACRIMA.jpg,Im600_g_ACRIMA.jpg,1
../data/Images\Im601_g_ACRIMA.jpg,Im601_g_ACRIMA.jpg,1
../data/Images\Im602_g_ACRIMA.jpg,Im602_g_ACRIMA.jpg,1
../data/Images\Im603_g_ACRIMA.jpg,Im603_g_ACRIMA.jpg,1
../data/Images\Im604_g_ACRIMA.jpg,Im604_g_ACRIMA.jpg,1
../data/Images\Im605_g_ACRIMA.jpg,Im605_g_ACRIMA.jpg,1
../data/Images\Im606_g_ACRIMA.jpg,Im606_g_ACRIMA.jpg,1
../data/Images\Im607_g_ACRIMA.jpg,Im607_g_ACRIMA.jpg,1
../data/Images\Im608_g_ACRIMA.jpg,Im608_g_ACRIMA.jpg,1
../data/Images\Im609_g_ACRIMA.jpg,Im609_g_ACRIMA.jpg,1
../data/Images\Im610_g_ACRIMA.jpg,Im610_g_ACRIMA.jpg,1
../data/Images\Im611_g_ACRIMA.jpg,Im611_g_ACRIMA.jpg,1
../data/Images\Im612_g_ACRIMA.jpg,Im612_g_ACRIMA.jpg,1
../data/Images\Im613_g_ACRIMA.jpg,Im613_g_ACRIMA.jpg,1
../data/Images\Im614_g_ACRIMA.jpg,Im614_g_ACRIMA.jpg,1
../data/Images\Im615_g_ACRIMA.jpg,Im615_g_ACRIMA.jpg,1
../data/Images\Im616_g_ACRIMA.jpg,Im616_g_ACRIMA.jpg,1
../data/Images\Im617_g_ACRIMA.jpg,Im617_g_ACRIMA.jpg,1
../data/Images\Im618_g_ACRIMA.jpg,Im618_g_ACRIMA.jpg,1
../data/Images\Im619_g_ACRIMA.jpg,Im619_g_ACRIMA.jpg,1
../data/Images\Im620_g_ACRIMA.jpg,Im620_g_ACRIMA.jpg,1
../data/Images\Im621_g_ACRIMA.jpg,Im621_g_ACRIMA.jpg,1
../data/Images\Im622_g_ACRIMA.jpg,Im622_g_ACRIMA.jpg,1
../data/Images\Im623_g_ACRIMA.jpg,Im623_g_ACRIMA.jpg,1
../data/Images\Im624_g_ACRIMA.jpg,Im624_g_ACRIMA.jpg,1
../data/Images\Im625_g_ACRIMA.jpg,Im625_g_ACRIMA.jpg,1
../data/Images\Im626_g_ACRIMA.jpg,Im626_g_ACRIMA.jpg,1
../data/Images\Im627_g_ACRIMA.jpg,Im627_g_ACRIMA.jpg,1
../data/Images\Im628_g_ACRIMA.jpg,Im628_g_ACRIMA.jpg,1
../data/Images\Im629_g_ACRIMA.jpg,Im629_g_ACRIMA.jpg,1
../data/Images\Im630_g_ACRIMA.jpg,Im630_g_ACRIMA.jpg,1
../data/Images\Im631_g_ACRIMA.jpg,Im631_g_ACRIMA.jpg,1
../data/Images\Im632_g_ACRIMA.jpg,Im632_g_ACRIMA.jpg,1
../data/Images\Im633_g_ACRIMA.jpg,Im633_g_ACRIMA.jpg,1
../data/Images\Im634_g_ACRIMA.jpg,Im634_g_ACRIMA.jpg,1
../data/Images\Im635_g_ACRIMA.jpg,Im635_g_ACRIMA.jpg,1
../data/Images\Im636_g_ACRIMA.jpg,Im636_g_ACRIMA.jpg,1
../data/Images\Im637_g_ACRIMA.jpg,Im637_g_ACRIMA.jpg,1
../data/Images\Im638_g_ACRIMA.jpg,Im638_g_ACRIMA.jpg,1
../data/Images\Im639_g_ACRIMA.jpg,Im639_g_ACRIMA.jpg,1
../data/Images\Im640_g_ACRIMA.jpg,Im640_g_ACRIMA.jpg,1
../data/Images\Im641_g_ACRIMA.jpg,Im641_g_ACRIMA.jpg,1
../data/Images\Im642_g_ACRIMA.jpg,Im642_g_ACRIMA.jpg,1
../data/Images\Im643_g_ACRIMA.jpg,Im643_g_ACRIMA.jpg,1
../data/Images\Im644_g_ACRIMA.jpg,Im644_g_ACRIMA.jpg,1
../data/Images\Im645_g_ACRIMA.jpg,Im645_g_ACRIMA.jpg,1
../data/Images\Im646_g_ACRIMA.jpg,Im646_g_ACRIMA.jpg,1
../data/Images\Im647_g_ACRIMA.jpg,Im647_g_ACRIMA.jpg,1
../data/Images\Im648_g_ACRIMA.jpg,Im648_g_ACRIMA.jpg,1
../data/Images\Im649_g_ACRIMA.jpg,Im649_g_ACRIMA.jpg,1
../data/Images\Im650_g_ACRIMA.jpg,Im650_g_ACRIMA.jpg,1
../data/Images\Im651_g_ACRIMA.jpg,Im651_g_ACRIMA.jpg,1
../data/Images\Im652_g_ACRIMA.jpg,Im652_g_ACRIMA.jpg,1
../data/Images\Im653_g_ACRIMA.jpg,Im653_g_ACRIMA.jpg,1
../data/Images\Im654_g_ACRIMA.jpg,Im654_g_ACRIMA.jpg,1
../data/Images\Im655_g_ACRIMA.jpg,Im655_g_ACRIMA.jpg,1
../data/Images\Im656_g_ACRIMA.jpg,Im656_g_ACRIMA.jpg,1
../data/Images\Im657_g_ACRIMA.jpg,Im657_g_ACRIMA.jpg,1
../data/Images\Im658_g_ACRIMA.jpg,Im658_g_ACRIMA.jpg,1
../data/Images\Im659_g_ACRIMA.jpg,Im659_g_ACRIMA.jpg,1
../data/Images\Im660_g_ACRIMA.jpg,Im660_g_ACRIMA.jpg,1
../data/Images\Im661_g_ACRIMA.jpg,Im661_g_ACRIMA.jpg,1
../data/Images\Im662_g_ACRIMA.jpg,Im662_g_ACRIMA.jpg,1
../data/Images\Im663_g_ACRIMA.jpg,Im663_g_ACRIMA.jpg,1
../data/Images\Im664_g_ACRIMA.jpg,Im664_g_ACRIMA.jpg,1
../data/Images\Im665_g_ACRIMA.jpg,Im665_g_ACRIMA.jpg,1
../data/Images\Im666_g_ACRIMA.jpg,Im666_g_ACRIMA.jpg,1
../data/Images\Im667_g_ACRIMA.jpg,Im667_g_ACRIMA.jpg,1
../data/Images\Im668_g_ACRIMA.jpg,Im668_g_ACRIMA.jpg,1
../data/Images\Im669_g_ACRIMA.jpg,Im669_g_ACRIMA.jpg,1
../data/Images\Im670_g_ACRIMA.jpg,Im670_g_ACRIMA.jpg,1
../data/Images\Im671_g_ACRIMA.jpg,Im671_g_ACRIMA.jpg,1
../data/Images\Im672_g_ACRIMA.jpg,Im672_g_ACRIMA.jpg,1
../data/Images\Im673_g_ACRIMA.jpg,Im673_g_ACRIMA.jpg,1
../data/Images\Im674_g_ACRIMA.jpg,Im674_g_ACRIMA.jpg,1
../data/Images\Im675_g_ACRIMA.jpg,Im675_g_ACRIMA.jpg,1
../data/Images\Im676_g_ACRIMA.jpg,Im676_g_ACRIMA.jpg,1
../data/Images\Im677_g_ACRIMA.jpg,Im677_g_ACRIMA.jpg,1
../data/Images\Im678_g_ACRIMA.jpg,Im678_g_ACRIMA.jpg,1
../data/Images\Im679_g_ACRIMA.jpg,Im679_g_ACRIMA.jpg,1
../data/Images\Im680_g_ACRIMA.jpg,Im680_g_ACRIMA.jpg,1
../data/Images\Im681_g_ACRIMA.jpg,Im681_g_ACRIMA.jpg,1
../data/Images\Im682_g_ACRIMA.jpg,Im682_g_ACRIMA.jpg,1
../data/Images\Im683_g_ACRIMA.jpg,Im683_g_ACRIMA.jpg,1
../data/Images\Im684_g_ACRIMA.jpg,Im684_g_ACRIMA.jpg,1
../data/Images\Im685_g_ACRIMA.jpg,Im685_g_ACRIMA.jpg,1
../data/Images\Im686_g_ACRIMA.jpg,Im686_g_ACRIMA.jpg,1
../data/Images\Im687_g_ACRIMA.jpg,Im687_g_ACRIMA.jpg,1
../data/Images\Im688_g_ACRIMA.jpg,Im688_g_ACRIMA.jpg,1
../data/Images\Im689_g_ACRIMA.jpg,Im689_g_ACRIMA.jpg,1
../data/Images\Im690_g_ACRIMA.jpg,Im690_g_ACRIMA.jpg,1
../data/Images\Im691_g_ACRIMA.jpg,Im691_g_ACRIMA.jpg,1
../data/Images\Im692_g_ACRIMA.jpg,Im692_g_ACRIMA.jpg,1
../data/Images\Im693_g_ACRIMA.jpg,Im693_g_ACRIMA.jpg,1
../data/Images\Im694_g_ACRIMA.jpg,Im694_g_ACRIMA.jpg,1
../data/Images\Im695_g_ACRIMA.jpg,Im695_g_ACRIMA.jpg,1
../data/Images\Im696_g_ACRIMA.jpg,Im696_g_ACRIMA.jpg,1
../data/Images\Im697_g_ACRIMA.jpg,Im697_g_ACRIMA.jpg,1
../data/Images\Im698_g_ACRIMA.jpg,Im698_g_ACRIMA.jpg,1
../data/Images\Im699_g_ACRIMA.jpg,Im699_g_ACRIMA.jpg,1
../data/Images\Im700_g_ACRIMA.jpg,Im700_g_ACRIMA.jpg,1
../data/Images\Im701_g_ACRIMA.jpg,Im701_g_ACRIMA.jpg,1
../data/Images\Im702_g_ACRIMA.JPG,Im702_g_ACRIMA.JPG,1
../data/Images\Im703_g_ACRIMA.JPG,Im703_g_ACRIMA.JPG,1
../data/Images\Im704_g_ACRIMA.jpg,Im704_g_ACRIMA.jpg,1
../data/Images\Im705_g_ACRIMA.jpg,Im705_g_ACRIMA.jpg,1
